cell,cyc,capacity_mAh,Tmax_C,ica_peak1_V,ica_peak1_val,ica_peak2_V,ica_peak2_val,ica_area_abs,degradation_phase,deg_rate_final
1,0,739.1109210621779,41.174809,3.769048486363636,5935.272234387172,3.767095386602871,5545.300209734996,740.3345924491858,Phase 1,
1,100,730.1929494056872,41.124866,3.769175843283582,5384.508923579517,3.767251244444444,5302.343961579463,735.141496688637,Phase 1,0.07117925656656439
1,200,725.7467375962049,41.1124,3.767247544019139,5077.298396493294,3.7691890070270273,4939.0133273113315,731.6654486360677,Phase 1,0.056284953868914724
1,300,722.8431973239306,41.124866,3.767154922797927,4767.044297984743,3.7691123898876406,4535.102917001597,727.2225393775952,Phase 1,0.03414624105756047
1,400,718.3668958430143,41.124866,3.767052401675978,4512.134779940476,3.7689920720496897,4216.3702957832575,724.3494280701898,Phase 1,0.03662412253724483
1,500,714.9787006955092,41.124866,3.767087730769231,4237.186502870623,3.769045746938776,3891.237788192535,720.6328493876127,Phase 1,0.039039712283728246
1,600,711.6204053941345,41.087425,3.7670567796296295,4006.647540082224,3.769057655882353,3605.887771524969,717.3338104334433,Phase 1,0.02809360002875792
1,700,709.5321170323996,41.174809,3.767018006666667,3663.9700882740726,3.765082448412698,3355.0811148147914,714.0467467336961,Phase 1,0.028553150925508818
1,800,705.8480111354505,41.174809,3.767025767716535,3497.569322975134,3.765134040833333,3260.678979116288,711.005809561791,Phase 1,0.03081794250703183
1,900,702.5449768529222,41.212246,3.7668948876033057,3231.006151944792,3.764974822018349,3018.400140322483,707.8098170013878,Phase 1,0.0349290765916237
1,1000,699.4156477527364,41.174809,3.7671878390476183,2970.6914782651293,3.765245964220184,2905.922906421242,704.5997891040254,Phase 1,0.03151955700136114
1,1100,696.2835912151658,41.262188,3.767109355,2797.9044128696696,3.7651753588235297,2745.5298612296174,701.4903317526484,Phase 1,0.03096800104845215
1,1200,693.2672854322545,41.212246,3.724880684444444,2622.9531465026957,3.726845445918367,2617.548064649469,698.373774797746,Phase 2,0.030287748946060445
1,1300,690.3687943593548,41.187275,3.724913344,2694.0218097796023,3.726858108888889,2658.396786793688,695.512502986768,Phase 2,0.021106328901507824
1,1400,687.6192406848993,41.19978,3.7252445730000017,2730.6051473986154,3.727232605263157,2661.319844769838,692.7684956191769,Phase 2,0.058236922190003496
1,1800,675.8871270316637,41.312096,3.725117667326733,2894.969532584917,3.723172986538462,2862.363677183559,680.8728160700955,Phase 2,0.018031195547602293
1,1900,672.743285643124,41.262188,3.725158718691589,2958.096059418691,3.7232169125,2933.811163475548,677.7883730190221,Phase 2,0.06147997377227739
1,2000,669.7317983178508,41.174809,3.725033393913044,2980.9298337332148,3.7229868700934583,2954.4777842790645,675.0054299675568,Phase 2,0.020310639012059255
1,2100,667.4184829442038,41.212246,3.7250483833333328,2901.9030188191973,3.723063174509804,2893.306366333083,672.3545118888644,Phase 2,0.028595429438112205
1,2200,663.9526202195469,41.249683,3.722842890566037,2997.81113099851,3.7248472814159297,2993.8677695781516,669.180246410711,Phase 2,0.02805132890380946
1,2300,661.4396086354981,41.299629,3.723254113207547,2905.803419325108,3.725199306,2877.126634035347,666.7100415523877,Phase 2,0.03144744566862869
1,2400,658.2324497447104,41.362038,3.72310337706422,2977.292812301399,3.725096428181818,2975.2732118989225,663.7570335261784,Phase 2,0.024823797237650068
1,2500,656.3019662937012,41.337067,3.723200551923077,2895.021979049634,3.725190174528302,2859.334798717551,661.4891193009496,Phase 2,0.028998804607315378
1,2600,652.7810452742547,41.411942,3.723091641525425,3115.465963544455,3.7250623057142858,3030.886852240321,658.2350482047824,Phase 2,0.02405965353290753
1,2700,651.274269703515,41.312096,3.723082000000001,2916.8749049111357,3.7250652097087382,2867.5652414859796,656.4510746481293,Phase 2,0.022765715576601907
1,2800,648.8501025188361,41.374504,3.7232112886792454,2894.9302967919357,3.7252052528846153,2830.0076452098147,654.2376374128721,Phase 2,0.026317135448324508
1,2900,645.0218397585212,41.3246,3.723196885217392,3126.370728945214,3.721198288288288,3049.547905163534,650.6375750855892,Phase 2,0.026755694672036725
1,3000,644.1689847636143,41.424446,3.723236018348624,2946.291091480278,3.7212485592233016,2897.6717869686254,649.3055639794651,Phase 2,0.01866095421584873
1,3100,642.0891597582703,41.411942,3.7232765163461536,2888.822103246581,3.721246086915888,2829.007213126475,647.3726475147486,Phase 2,0.019570515815192948
1,3300,637.8192441609972,41.299629,3.72306218,2853.6932478506205,3.721081696,2811.3747641815426,643.1295878432652,Phase 2,0.023001007881693455
1,3500,632.2030179733683,41.162304,3.722907299090909,2925.9214558837557,3.720906284615384,2914.569788009583,638.0960075799437,Phase 2,0.018173792925978205
1,3600,631.7444982024535,41.187275,3.723350956730769,2848.3229872983065,3.721355124038461,2847.667357374652,636.5797657187782,Phase 2,0.039064701712454734
1,3800,625.4908168324312,41.349533,3.7209205584070792,2995.536098390614,3.722903675,2986.365284265965,631.5273891830309,Phase 2,0.013234400830302775
1,3900,625.2583088284471,41.337067,3.7211132075471696,2864.4417603811744,3.723138569902913,2825.156639222667,630.3618829064069,Phase 2,0.025387380679244415
1,4000,623.5531647570597,41.399475,3.7212935950980386,2774.594823055115,3.723287133673469,2753.0616312374186,628.7485965687684,Phase 2,0.013442499265362357
1,4100,620.4774481988763,41.349533,3.721105669607843,2853.281902223898,3.7190831716981134,2809.4194933534745,626.4826106543815,Phase 2,0.022235514109721636
1,4200,619.5186640586243,41.337067,3.72108063939394,2744.3432047788374,3.719061589215686,2704.3930480414856,624.9775119101668,Phase 2,0.01867929848808217
1,4300,617.6078318476868,41.312096,3.721090465625,2675.194123573805,3.723109236734694,2653.94536505657,623.065586644363,Phase 2,0.01348926869141792
1,4400,615.7261856172588,41.312096,3.720917168367347,2635.244350873996,3.718962062921349,2584.91888570023,621.4487721832404,Phase 2,0.023469202114496282
1,4600,612.349611637397,41.237221,3.720955620430108,2538.099155704549,3.718955519565216,2529.442973167738,618.2804427057147,Phase 2,0.01459321474987462
1,4800,608.8768448422716,41.274654,3.72099225505618,2499.413534986641,3.719046928735632,2469.2409827008814,615.1699407369072,Phase 2,0.020821421345781344
1,5000,604.2869401481527,41.237221,3.719154376086956,2519.400607665186,3.721133701123595,2502.4018732699624,610.9914950854435,Phase 2,0.016054599849682633
1,5100,603.2069763171048,41.19978,3.718861423333333,2435.6379724756844,3.7208804617977527,2412.662589553496,609.9892841243579,Phase 2,0.02963760134824497
1,5200,599.8239008415256,41.524292,3.71912705257732,2537.7058864663995,3.717109042696629,2504.6970006158226,607.2484241778541,Phase 2,0.014609356444262858
1,5300,599.8621534882067,41.499325,3.718986575,2462.978501513324,3.7210014958333337,2455.6355355385895,606.3698240866154,Phase 2,0.01300356640357677
1,5400,598.158701601549,41.486858,3.719093818390804,2404.2440240563155,3.721021504819277,2367.1451723533683,604.8320112484749,Phase 2,0.018701524049189403
1,5500,594.2801484523485,41.611675,3.71716131235955,2483.5469295570074,3.719139098888889,2470.4010575551656,602.1089628073555,Phase 2,0.02268909434366492
1,5600,594.4675726175096,41.524292,3.719120786746988,2404.5032435771427,3.717151408988764,2396.941148978978,601.198023721733,Phase 2,0.014363649789289638
1,5700,592.857351306983,41.599209,3.719135296551724,2351.1303262084693,3.7171604,2318.1504838056717,599.7268938364696,Phase 2,0.011353733085804833
1,5800,590.4253670448167,41.599209,3.7190161546511624,2319.980011824984,3.717033563855421,2301.1723844991793,597.7754352765338,Phase 2,0.01970807723008761
1,5900,589.4471143131173,41.574238,3.719248160493826,2258.39720604982,3.71727331125,2224.771562198599,596.825513352581,Phase 2,0.014077235399552137
1,6000,588.1173065952115,41.561733,3.7190112174999994,2222.9694804998,3.7170098962962967,2213.069036520872,595.6275914991561,Phase 2,0.01665459761310899
1,6100,585.5603691386312,41.624142,3.7173775,2285.8020131474477,3.7193413555555552,2250.3192670262943,594.4184603602039,Phase 2,0.014135743424977818
1,6200,585.7463794615072,41.574238,3.719043565333333,2217.7459263082856,3.717098271951219,2214.9811839561007,593.5467893425445,Phase 2,0.00972514997983012
1,6300,584.1518310216064,41.5368,3.7191980302631578,2191.1105443551933,3.717286657142857,2176.6078410131595,592.1634302769708,Phase 2,0.015101218579543456
1,6400,581.2757619596863,41.636646,3.717181811111112,2225.9526460284833,3.7151633666666664,2178.7291554787807,590.6734471474288,Phase 2,0.016906734876552035
1,6500,581.6547783101196,41.611675,3.717154810256411,2202.25063621717,3.719108025316455,2191.744151581923,589.3525470400949,Phase 2,0.010155228925674465
1,6600,580.0334389678039,41.586704,3.7191198571428594,2135.1006613623467,3.7171351,2134.5933209783543,588.2313404426245,Phase 2,0.012299316409967105
1,6700,577.6338801898363,41.586704,3.715127812345679,2167.9639758451813,3.717144483116883,2159.3872558428266,586.1667838588875,Phase 2,0.016686173972070718
1,6800,577.5893924134589,41.586704,3.716979654430381,2231.1315610724996,3.718964446835442,2204.6704614532937,584.5307071997183,Phase 2,0.008229160895436962
1,6900,576.416770813853,41.586704,3.7171380316455696,2192.0937180588808,3.7191141428571424,2172.70901310943,583.4640920836588,Phase 2,0.015170070414058046
1,7000,573.0979789577467,41.561733,3.7148989975000006,2091.9086769361747,3.7169041041095894,2085.8304312082328,581.9953645044874,Phase 2,0.021707976721357908
1,7100,573.0979789577467,41.561733,3.7148989975000006,2091.9086769361747,3.7169041041095894,2085.8304312082328,581.9953645044874,Phase 2,0.0014354534576773404
1,7200,574.9714659926825,41.574238,3.7172388320987655,2193.273135525771,3.7191900760000007,2159.365992481835,580.6373706766001,Phase 2,0.0
1,7300,572.0375640082297,41.574238,3.7172379,2127.7645795545977,3.71924277922078,2090.973153397179,579.4129847399527,Phase 2,0.011457165471124426
1,7400,570.436583787218,41.586704,3.7171507546666662,2069.8934079312166,3.719112998630137,2050.718504111675,578.1132913136413,Phase 2,0.026469654972678426
1,7500,568.267859513994,41.624142,3.7170015347222223,2051.702485004367,3.7189325126760577,2013.4718978836172,576.8752508956944,Phase 2,0.014245348951315009
1,7600,567.7929103307428,41.499325,3.716831280769232,2007.143012264598,3.7189405199999985,2002.8619062869984,575.9169140705801,Phase 2,0.009769161197625635
1,7700,566.7532309264086,41.499325,3.7172810267605634,1970.063841986208,3.7192362602941182,1954.738887927844,574.9632902453152,Phase 2,0.013560298329990702
1,7800,564.2265724626601,41.499325,3.717204947368421,1981.8319033084551,3.7152048565217384,1953.8769166897985,573.9412502196174,Phase 2,0.014027791069451042
1,7900,564.3176975749817,41.486858,3.717125743835617,1977.392390571622,3.715142073913044,1941.4284784826305,572.8301715729858,Phase 2,0.009088022831036824
1,8000,563.0464545433011,41.474392,3.7169611753623193,1905.808285871215,3.7149106708333335,1898.338222709106,571.7280548332749,Phase 2,0.014639972669714325
1,8100,560.0135969052836,41.611675,3.717107336764706,1893.2547822175547,3.715096755072464,1879.704381650052,570.7374340364045,Phase 2,0.011938003362780591
1,8200,560.6495828680589,41.436913,3.717137001408451,1924.481493621075,3.715158832835821,1904.4618677764956,569.2523154233928,Phase 2,0.012897850370537754
2,0,734.8189656975843,41.233673,3.7689867933035712,5702.25640234536,3.7670489181372546,5417.704112711828,733.3325379209143,Phase 1,
2,100,726.6220579061855,41.183769,3.767226892424243,5128.919090844443,3.7691094111111103,5117.594977570741,730.0964947784022,Phase 1,0.06641672945410391
2,200,722.1571400208163,41.158836,3.767179975129534,4852.911393940609,3.7691101430232554,4637.81981830491,726.1639855614415,Phase 1,0.05405874606352086
2,300,719.2156200035366,41.258644,3.7669862778409096,4428.559610919634,3.7689117368421057,4194.446114096703,721.9525345235957,Phase 1,0.03548913917539494
2,400,714.5823074647996,41.196236,3.767017428834357,4168.0311715558055,3.768961326056339,3882.9768254386,719.2508581743203,Phase 1,0.03800490942813553
2,500,711.1216758331502,41.183769,3.767009076470589,3873.4673960279615,3.7689914424242423,3568.949066365967,716.2210078427881,Phase 1,0.03842706924915433
2,600,708.0616104027846,41.171303,3.7671214042553185,3643.85691878674,3.7651630905511815,3334.514545591621,713.2620515839329,Phase 1,0.028672706357034485
2,700,705.4509534216545,41.258644,3.76725149609375,3312.8986155284074,3.765238817796609,3171.2432078134443,710.3494034265152,Phase 1,0.030069428213087123
2,800,701.9102314870742,41.233673,3.767014635344827,3131.9771643185377,3.7650553771929824,3018.6710230522294,707.5588432833147,Phase 1,0.030408328011185405
2,900,699.2549903478053,41.233673,3.7670898774774777,2940.2859045054793,3.765122938095238,2862.3897581351484,704.7792128598396,Phase 1,0.029386780175949524
2,1000,696.6637550136685,41.196236,3.767296473267326,2725.7037050906365,3.7653075119999984,2708.8742582684645,702.3280231612016,Phase 1,0.025453779350307286
2,1100,693.9847933360154,41.258644,3.725055365306122,2612.0822013728175,3.727042758695652,2605.4433212507283,699.5677766926108,Phase 2,0.02666274576698811
2,1200,691.2011130181581,41.24614,3.7249554061855665,2672.9139070153324,3.726978179381444,2640.4581234889192,696.6356918373948,Phase 2,0.028061051569341088
2,1300,688.2824454375678,41.233673,3.7248873,2711.7488496263395,3.7268681193877553,2691.4767014246754,693.839167936022,Phase 2,0.026058287314423296
2,1400,685.4468687684393,41.24614,3.725229276999999,2766.7147203763743,3.7272020363636367,2697.2784064424923,691.1399103760651,Phase 2,0.037026061233412975
2,1600,679.5110214082981,41.408356,3.7249315297297296,2900.0015091785754,3.7229315134020617,2814.9448534573166,685.4004492165873,Phase 2,0.026025749276496982
2,1800,674.0054456104837,41.383389,3.7250963403669735,2934.7075283613085,3.723083684905661,2886.430578501764,679.7536060416971,Phase 2,0.02667065255134389
2,1900,670.6497832609933,41.370922,3.7251840407407406,2976.5303948695655,3.7231982396226417,2936.266435207057,676.8126392815229,Phase 2,0.03957745050362405
2,2000,667.3525808571167,41.296082,3.7250292053571425,2998.401994055108,3.723006797247706,2968.6442236659495,673.5615644871632,Phase 2,0.02689452518275971
2,2100,665.2355876842753,41.345989,3.7249635999999993,2909.4459122215485,3.722956195192308,2900.026094135348,671.2030628770679,Phase 2,0.029834631797192514
2,2200,661.5433404840155,41.383389,3.7230616288288294,2996.068438563976,3.725064185849056,2971.6877618950966,668.0304070690465,Phase 2,0.025538020080143723
2,2300,659.7519802009176,41.395889,3.723015473333333,2922.617716070643,3.724997124761904,2901.835141163974,665.8186434061338,Phase 2,0.030020662455991668
2,2400,656.2873914063993,41.420822,3.723260418095238,3005.156188321911,3.7212809724770657,2948.1297500530636,662.7375242985524,Phase 2,0.02176650538105264
2,2500,654.6501051945633,41.458263,3.723138336448598,2894.2498082048405,3.7211458019801977,2846.8623224169423,660.7040940113368,Phase 2,0.03228335990958271
2,2600,650.3893528573778,41.495701,3.722958325925926,3068.7319446520705,3.7209942425925937,3007.5356072604773,657.265024393392,Phase 2,0.0236507837848103
2,2700,649.6653133077699,41.433331,3.7212257141509433,2902.547009050948,3.723218383809524,2895.134291142822,655.8216097667333,Phase 2,0.021120092281657888
2,2800,647.1329168947415,41.433331,3.722972884466019,2868.5606329279253,3.720972936190477,2868.1752223346266,653.402271618496,Phase 2,0.027898695424414654
2,2900,642.1348249865453,41.420822,3.7228414026315786,3058.682299015796,3.7208461425925927,3043.146975545562,649.3873622578159,Phase 2,0.03148814715027697
2,3000,641.7052831471693,41.47073,3.7210811718446606,2907.338874532812,3.723037494117648,2881.581333393333,647.790007681482,Phase 2,0.022893793730887638
2,3100,638.9952205493706,41.458263,3.721163524752475,2859.928736108108,3.723177493457944,2827.284863006891,645.5019827829449,Phase 2,0.023498425014637406
2,3200,634.9703545346578,41.495701,3.7209672625,2940.056770402647,3.722991062,2896.217677941997,642.3003004114992,Phase 2,0.025509826596641007
2,3300,634.2086228227167,41.420822,3.7209079386138617,2798.928880211475,3.7229312330097097,2772.344347588558,640.7090255201923,Phase 2,0.037830907225215926
2,3500,627.7048777025079,41.321014,3.721257962264151,2868.578293330487,3.7192688821782176,2795.060993543404,635.6193539172433,Phase 2,0.011680314920373008
2,3600,628.1200744890406,41.333481,3.7208870107843137,2827.4650544715696,3.7228846533980575,2750.3504105714383,634.2578548054981,Phase 2,0.04375893567078379
2,3800,621.1583132684733,41.420822,3.721067463809524,2949.086335180647,3.7191803861386146,2895.126536464988,629.3066279301742,Phase 2,0.012052538903937489
2,3900,621.4628930235764,41.395889,3.7208948549019607,2843.729542701025,3.7189662744897953,2759.900966131725,627.5382526848939,Phase 2,0.02599808328992367
2,4000,619.5183548363003,41.420822,3.72092354040404,2759.291346451995,3.718983569072165,2693.858400103971,625.8944142229424,Phase 2,0.015530965404311701
2,4100,615.5350095355564,41.408356,3.721084535643563,2758.683304122198,3.7191114816326527,2728.0148283102317,623.1868449682727,Phase 2,0.026812983587792587
2,4200,614.8821184840259,41.395889,3.7210399189473673,2682.3502556949097,3.7190530777777777,2633.301122155346,621.6904874580816,Phase 2,0.02026552136296459
2,4300,612.8973459219055,41.345989,3.7207725175257726,2636.7712596083147,3.7188949511627905,2583.935591930858,619.7206575713825,Phase 2,0.012156923354202718
2,4400,610.9128049558445,41.345989,3.719143762105263,2565.5952017879026,3.7210972528089887,2558.105741545922,618.0860166162025,Phase 2,0.028060299769596213
2,4500,607.28245491411,41.383389,3.72104428172043,2572.1882705378957,3.719093544565218,2566.4350445273885,615.8213755457243,Phase 2,0.020668989875063062
2,4600,606.9661398070712,41.296082,3.7210349750000007,2538.7970090294984,3.719124963636363,2519.266248986023,614.3927939269744,Phase 2,0.0031424472654157398
2,4800,603.2893260278694,41.321014,3.718899260465117,2457.4999720279448,3.720847797777778,2445.680048487193,611.0073550974607,Phase 2,0.05140787182581846
2,5000,577.9189479132826,41.420822,3.7190570976470574,2405.132590267618,3.7210307431818177,2380.3722880730493,602.6222632837764,Phase 2,0.06673614401857435
2,5100,577.9189479132826,41.420822,3.7189880432432423,2233.009706367986,3.7209758655172407,2224.3710968326777,603.4809419534565,Phase 2,0.09682145112444232
2,5200,575.4802012975294,41.720291,3.719001994623657,2534.9212512219237,3.7209775875000006,2495.214591536831,602.5025097871275,Phase 2,0.0
2,5300,580.878875800554,41.607975,3.7189844253333346,2264.569865313591,3.720979587777779,2248.17423412895,600.8246543020792,Phase 2,0.0
2,5400,581.026022733551,41.607975,3.7209170443037967,2180.9797090508946,3.7189062325,2163.6253111336555,599.5594371268837,Phase 2,0.0
2,5500,575.9512937736342,41.782658,3.719108543956045,2471.1679392817023,3.7171410082352936,2433.882666661564,597.2951691383832,Phase 2,0.018051788383086204
2,5600,578.8701634543729,41.657917,3.7189984,2226.1562628588727,3.720945446835443,2207.209987714814,595.1643669912265,Phase 2,0.0038440464025848086
2,5700,578.0391777470296,41.670383,3.720849833333333,2120.0087075167976,3.718896253333333,2118.996470695187,593.9802987960684,Phase 2,0.0
2,5800,575.294154472195,41.732754,3.7190760825,2147.4808236131357,3.7210525391891895,2098.9134525458503,592.2436406676923,Phase 2,0.019381427110351977
2,5900,574.6726428197767,41.68285,3.718958831944444,2046.2539560126752,3.7208717041666666,2012.703281772643,590.3647776056791,Phase 2,0.012706063729193601
2,6000,573.0003167713386,41.645412,3.7191871871428575,1980.154668922798,3.72117201369863,1967.4114002357671,588.5232959580823,Phase 2,0.029464829657316612
2,6100,567.463746839281,41.832565,3.7192156573333337,2112.921811854496,3.71722378,2078.6755773825425,586.8393454597361,Phase 2,0.02033132923449557
2,6200,570.4755641019322,41.707825,3.719041080555556,1998.798594708278,3.717042039436619,1970.7320921823991,585.4076070627034,Phase 2,0.003453673334455516
2,6300,568.8010284364556,41.607975,3.7189058,1964.0156532988476,3.720836746969697,1926.0329026343095,583.677800262881,Phase 2,0.01652363401907337
2,6400,562.7251821399774,41.882507,3.7191525986666663,2093.02408588196,3.7171039936708863,2075.513641841084,582.2653869190037,Phase 2,0.025633136660248964
2,6500,565.7941735212776,41.74522,3.71902129117647,1982.5322740467236,3.7209211271428577,1954.4906333932597,579.8574814864737,Phase 2,0.009145303452648933
2,6600,563.8357095455017,41.607975,3.7192299647058817,1920.2107225311047,3.7172293840579713,1881.0000700847013,577.9030265088729,Phase 2,0.004221101592416971
2,6700,561.4334759774204,41.832565,3.715095885135135,2161.837813781458,3.717052315,2138.3492239016487,580.0784601257697,Phase 2,0.01059609348855247
2,6800,564.0030095218641,41.74522,3.719073249295775,2057.7243673531484,3.7170929066666663,2043.3191858948703,576.3156331885249,Phase 2,0.0
2,6900,562.1277485994194,41.707825,3.7171701225352103,1969.0921034276837,3.719126236231884,1967.4497496364056,574.575878845577,Phase 2,0.018575345670166145
2,7100,556.3346788557027,41.732754,3.718928726086956,2020.8801179481525,3.7169073701298694,2018.4699451708875,570.0542858035934,Phase 2,0.017535291134581712
2,7200,556.887525681366,41.757725,3.719037266153846,1891.603564561345,3.7170925573529416,1890.0049836305116,568.72668348692,Phase 2,0.014783865172647665
2,7300,557.1166198494262,41.720291,3.7191892676470584,1863.0697897916832,3.7171829292307694,1835.7337761887463,569.419290417134,Phase 2,0.0
2,7400,557.1166198494262,41.68285,3.719247837662337,2216.494472621416,3.717313211392404,2197.6728733152995,553.7314642428513,Phase 2,0.0
2,7500,557.1166198494262,41.62048,3.7191000884057974,1919.7832501294615,3.717032886486487,1916.9261140015733,575.6577978733568,Phase 2,0.024394752917654614
2,7600,551.7734192717269,41.632946,3.7189817600000006,1840.8295520635293,3.717039887692308,1826.4561878522943,571.762651298896,Phase 2,0.0
2,7700,558.6320678634678,41.807632,3.7190884265625,1905.143771626943,3.7170865369863018,1900.1192835410768,567.6209882895519,Phase 2,0.0
3,0,735.119595112905,40.821388,3.7690544966101696,5744.683388605656,3.7670979323943663,5430.719899804913,735.442250910751,Phase 1,
3,100,726.6872270437656,40.771484,3.769123560465116,5321.508285153177,3.7671821928571423,5162.832988187714,730.4375151513161,Phase 1,0.0660053585945252
3,200,722.7328355075854,40.783951,3.768973725480769,4984.630251736482,3.767021967346939,4952.624131242745,728.7616743504456,Phase 1,0.051747838098143574
3,300,720.2066836195169,40.808922,3.7670800546874994,4716.789181993954,3.769029651086957,4561.92403945922,723.6728416691354,Phase 1,0.03030787219318313
3,400,716.0503279000582,40.821388,3.76714924787234,4553.816466810647,3.769111958433736,4243.565121375475,721.6760970907653,Phase 1,0.033036316829370665
3,500,713.0840304729683,40.808922,3.767017866285715,4285.310141626935,3.769007694267516,3977.785504458429,718.9860096132095,Phase 1,0.035537625896989763
3,600,710.0583119725138,40.75898,3.7672465652694624,4044.039136505264,3.7692386733333327,3639.5659710666223,715.7350031461322,Phase 1,0.0241043903485604
3,700,708.5077117739089,40.821388,3.7669440056737593,3770.5233280897664,3.768943096000001,3434.7052397881052,713.0094162921448,Phase 1,0.023403647540174006
3,800,705.5725275613336,40.821388,3.766986578676471,3571.7104628381494,3.765034055645161,3321.1853035538807,710.6878422533921,Phase 1,0.023081208474284267
3,900,703.2127351410794,40.858826,3.7671004818897647,3373.90583562557,3.7651251647540978,3234.588135238737,708.351581842064,Phase 1,0.026247678177621765
3,1000,700.8922491815016,40.833893,3.7672668982758624,3165.0741767584113,3.7652907456896543,3102.358014860569,705.9625652532079,Phase 1,0.022471643000016
3,1100,698.6703028506131,40.858826,3.7669947769911505,3008.370861548072,3.765035949056604,2890.9291684373893,703.7823851654744,Phase 1,0.022625394245584404
3,1200,696.3460284543626,40.833893,3.7670401184466025,2839.9160167927184,3.7650444028571424,2747.21076054289,701.3618952327938,Phase 1,0.02309173638526886
3,1300,693.9320435294495,40.846359,3.766795554639175,2721.820645527623,3.768780712765957,2593.6894806150085,699.0660977334579,Phase 1,0.02185300517119231
3,1400,691.4782753365478,40.833893,3.724897875000001,2583.0129450383974,3.726907527835052,2563.477353841503,696.5930988811838,Phase 2,0.031076567387640353
3,1600,686.4039761027119,40.946209,3.7251929430000006,2717.765004531422,3.727165120212766,2678.0662965789816,691.269202297444,Phase 2,0.023301864789481215
3,1800,681.1264227231039,40.933743,3.7251732692307686,2760.6689663365396,3.723156852083333,2703.1186049660173,685.9733713679124,Phase 2,0.02421909727604259
3,1900,678.2317768750305,40.933743,3.7249185742574262,2841.3843175996153,3.7268900495049495,2769.1187864754756,683.2927713550501,Phase 2,0.035728753801010954
3,2000,675.4148558999498,40.883797,3.725041860784315,2877.4423884130956,3.7230516942857146,2818.2150310861616,680.5347977658274,Phase 2,0.023032444134458957
3,2100,673.3918106771276,40.808922,3.725031931632653,2795.4562681078096,3.7230264557692303,2747.216324961788,678.2060866475343,Phase 2,0.02730451893416671
3,2200,669.9072324045648,40.908768,3.725138566037736,2902.0149326949904,3.723140957943926,2892.55942613713,675.20962236365,Phase 2,0.025626003592140022
3,2300,667.9872304226006,40.87133,3.723059686111112,2834.806965041251,3.725105858823529,2807.4534880320425,673.1091285511196,Phase 2,0.027435291578800616
3,2400,665.1830232248433,40.946209,3.724801712380952,2913.3357207022927,3.722815212962963,2912.1399913088244,670.4885814446744,Phase 2,0.021052988718548705
3,2500,663.1787555105219,40.908768,3.723134404807692,2847.4743927316304,3.725129671287129,2804.153977032969,668.313497658674,Phase 2,0.02875912864937163
3,2600,659.6375677156237,40.983643,3.723152423636363,3022.1203279963374,3.7251565777777778,2942.8167125188047,665.056315576656,Phase 2,0.023854889790750348
3,2700,658.3707894367438,40.933743,3.7231109634615382,2869.253440366738,3.721136454901961,2804.415615021877,663.5975959856576,Phase 2,0.021872170989797723
3,2800,655.8547865798171,40.933743,3.723007999019607,2836.0830785672733,3.724977481,2774.636189642406,661.1522645827906,Phase 2,0.025999526116314654
3,2900,651.9694142612814,40.958714,3.722929594067795,3036.503503607717,3.720891586792453,2985.5268620237475,657.6646439165795,Phase 2,0.027886434506659726
3,3000,650.9774306129659,40.983643,3.7231296782178216,2873.4995213761867,3.721151576190477,2836.5205658642517,656.332123162239,Phase 2,0.020574128191240108
3,3100,648.7293266569452,40.933743,3.7231754950980394,2828.25142333805,3.721171050980392,2792.671536599504,654.2310007268584,Phase 2,0.017531179345364762
3,3200,645.0933332983059,41.008617,3.7231328990991,2963.9833820477797,3.7211400971428574,2935.807234916181,651.1330571076337,Phase 2,0.0478481329522856
3,3500,638.1805844078301,40.908768,3.7210755556603767,2900.4281020864582,3.723039579047619,2887.894026878057,644.5965416070694,Phase 2,0.01365496937926044
3,3600,637.7480160822042,40.87133,3.721163337735848,2801.0891435503436,3.723205599019608,2775.263639935336,643.3217945181633,Phase 2,0.040682650885460137
3,3800,632.3420224158799,41.008617,3.721012692727272,2972.961108712654,3.722999460952381,2924.905167816076,638.6845794811816,Phase 2,0.011102285290977534
3,3900,631.7149177351412,40.958714,3.720922564423077,2833.568090609566,3.7228977450980385,2796.554379345471,637.3076461601602,Phase 2,0.02568465562779579
3,4000,629.6603428366021,41.021122,3.7210734464646458,2772.562701164832,3.723066724752475,2699.70830706149,635.5904046380074,Phase 2,0.016921352025465238
3,4100,626.6624752776828,40.996151,3.721050376237624,2848.214504084637,3.723002319607843,2777.1713430567324,633.2744066405434,Phase 2,0.022880631803833467
3,4200,625.6675662566968,41.021122,3.7212152071428584,2708.6633893636317,3.7192232395833336,2664.0706105625286,631.6945483404478,Phase 2,0.01807979930803299
3,4300,623.802889529931,40.971176,3.721286254639176,2643.226081588189,3.7192329418367343,2592.4285194949043,630.1170213094249,Phase 2,0.01362359123070064
3,4400,621.8625686928474,40.983643,3.720950069892473,2582.1648687165143,3.722999982474227,2540.5343299557862,628.4817530620722,Phase 2,0.02577450960888882
3,4500,618.4472051369663,40.996151,3.721168974489796,2647.7579058896517,3.7192076088888895,2600.0498354320443,626.0190561363544,Phase 2,0.022184953196629068
3,4600,617.397062827596,40.921234,3.7209356020833337,2539.619101938093,3.718961240000001,2483.1582112484757,624.2917939258771,Phase 2,0.023178868647079298
3,4800,613.8286055479532,40.946209,3.7209434329670343,2473.897687325254,3.7189236813186817,2449.046351800076,621.1122542820266,Phase 2,0.01682409098151652
3,5000,608.9248500447693,40.896301,3.721066788172043,2517.149295924188,3.719055130107528,2495.579278721998,616.5362403119824,Phase 2,0.01858473734658844
3,5100,607.559576722663,40.896301,3.7210446448275865,2421.659660908481,3.7190818551724143,2408.09360776197,615.3141070918865,Phase 2,0.030963948056668186
3,5200,604.4512359157004,40.996151,3.719066285869565,2541.4979428464285,3.717070660869564,2521.6530376015144,612.7655945864149,Phase 2,0.014301305480956898
3,5300,604.3593651956008,40.983643,3.719209353932584,2435.6722888835066,3.7211945779069766,2398.9900016590836,611.84632180496,Phase 2,0.01371234792680866
3,5400,602.5054696849569,40.983643,3.7191189744186057,2359.2328032424994,3.721132414117648,2326.9973130809813,610.2968014257015,Phase 2,0.017072906102555407
3,5500,599.4989362373487,41.033588,3.719295905555556,2498.3126801094477,3.717292956043955,2492.922516930572,608.1318083493352,Phase 2,0.019003106653796068
3,5600,599.6266429328138,41.046093,3.719129598876404,2378.08446011295,3.721129709638555,2354.1030267589813,607.4241302740844,Phase 2,0.011861237295390766
3,5700,597.9470266185133,40.996151,3.718997637804878,2305.984049228835,3.7170330121951216,2284.8667482291494,605.9172671493252,Phase 2,0.011878894700865885
3,5800,595.6181045337796,41.08353,3.719363942682928,2272.252609336909,3.717324278571428,2236.1061417501187,604.0691933713005,Phase 2,0.020571735516773514
3,5900,594.1606611276211,41.08353,3.719113861445783,2206.654604253854,3.7210884813333336,2181.472153658222,602.7991043830039,Phase 2,0.01751670541648082
3,6000,592.2878485063985,40.971176,3.7190967705128206,2168.3326507363818,3.7210501723684217,2144.0276213141333,601.1748945077347,Phase 2,0.02179251349887636
3,6100,589.3378363478698,41.170914,3.718946557142856,2237.000544223265,3.7169473589743585,2213.7748637857003,599.1467260273853,Phase 2,0.019731366383053908
3,6200,588.8489304022828,41.170914,3.719124012658228,2171.1105649814417,3.7171251077922074,2139.2502039784595,597.8050523382329,Phase 2,0.014715147531138655
3,6300,587.1626914231025,41.071026,3.7190663759999993,2107.5934637296596,3.717091257142858,2094.0945671891823,596.4975212150177,Phase 2,0.014904607809604613
3,6400,584.8877045881585,41.220818,3.717211318390804,2193.897218534941,3.7192524586666673,2185.1324557080516,595.0594687813658,Phase 2,0.015958076618550195
3,6500,584.6155005204129,41.220818,3.7192065589743586,2125.942487874796,3.717206000000002,2125.1507812220807,593.6975661015169,Phase 2,0.012776003468931095
3,6600,582.9967982685885,41.158405,3.719352160273972,2069.976690157738,3.717365627397259,2051.159649884052,592.4045109662572,Phase 2,0.008818126989991697
3,6700,582.4711285638903,41.208351,3.71697748095238,2277.6633929884265,3.7150067111111102,2276.8484456668084,591.2196485136366,Phase 2,0.005864135496173048
3,6800,582.6697890370449,41.258255,3.719206751851852,2206.282036161734,3.717189180246914,2202.552410684235,590.1537690723723,Phase 2,0.0026708231163479466
3,6900,581.1245224090237,41.195847,3.7170368389610378,2142.3346729517652,3.719078419512195,2139.668910727676,589.002710616,Phase 2,0.01602572366963386
3,7000,578.701182313585,41.220818,3.715229958974359,2206.6212222754693,3.717181711392404,2199.643613554814,587.6626731181078,Phase 2,0.009586620095259377
3,7100,580.2683002516004,41.220818,3.71723839,2150.90272106482,3.7192459236842113,2134.6968103364925,587.1334522363022,Phase 2,0.00710717875806381
3,7200,577.6091745887383,41.245789,3.719182985135135,2082.1679147393734,3.7171748701298686,2069.7044752414367,585.9509064354824,Phase 2,0.009348100983831955
3,7300,575.9966217167189,41.220818,3.716937690540541,2031.269434940143,3.718959008000001,2018.2783953346516,584.7047583914705,Phase 2,0.02402623640292745
3,7400,574.0759611343926,41.308201,3.7170806025974032,2024.7145725875307,3.7191076070422526,2003.120022609088,583.4334345886949,Phase 2,0.014681435763975514
3,7500,573.0825077442627,41.18338,3.717104698529411,1966.3984628679173,3.719057494444444,1965.650648839932,582.2877374947226,Phase 2,0.01378619569581474
3,7600,571.5622067833184,41.195847,3.716901884722222,1926.5193958118907,3.718970356338027,1909.6879966532144,581.2198030574082,Phase 2,0.014489396829727639
3,7700,569.8652392499695,41.158405,3.717067491304348,1962.69643394748,3.7150898338028178,1957.9395901991957,580.1299746180975,Phase 2,0.013257356169148124
3,7800,569.3134736610447,41.133438,3.717137720588235,1903.154232038185,3.719105314285714,1902.605586489488,579.1245842424175,Phase 2,0.010939603549858248
3,7900,567.8694270267266,41.120972,3.7169562814285713,1880.8812098942872,3.718981240298507,1857.8171798717667,577.9226180636903,Phase 2,0.011758872503554585
3,8000,566.4618704545966,41.220818,3.7149196636363633,1917.4458420471492,3.716869772857143,1913.388486491123,577.4612694097036,Phase 2,0.01091684260125362
3,8100,565.8573030034044,41.120972,3.716955682089552,1884.0003034826511,3.7149929731343287,1860.58989175022,575.7630182978172,Phase 2,0.011015576404606691
4,0,734.0756158938327,41.543034,3.768926626511627,5758.736593935304,3.7669693512562814,5379.326434679431,736.3714791103262,Phase 1,
4,100,725.6895677627597,41.518101,3.7689742424083774,5259.518501243845,3.7670619646739127,5049.3029093084915,731.9436561838243,Phase 1,0.07030557278163656
4,200,720.520947044064,41.505592,3.7671715585227266,4832.855383659,3.769078383333333,4668.673414584555,727.5184024327792,Phase 1,0.05925085732275647
4,300,716.8993845363364,41.530567,3.767174036746988,4397.890585969479,3.7690951041666665,4115.379646651927,721.6656893083746,Phase 1,0.04277272105336806
4,400,711.6089577103882,41.543034,3.767293557419355,4096.195466457677,3.7692756734375,3671.580936995466,718.1919295382216,Phase 1,0.04406516799819542
4,500,707.5381360146926,41.568005,3.767151280419581,3768.843495830341,3.76522101557377,3434.168225578149,714.3177283106165,Phase 1,0.04769651980213666
4,600,703.3674972372165,41.555538,3.7670503951219514,3461.0111586762214,3.765116496638656,3205.392937772427,710.0151412144622,Phase 1,0.032132999796938296
4,700,701.7227474914652,41.592976,3.767156335,3152.2435452977224,3.765206602727273,3019.5934197611787,706.4538378169642,Phase 1,0.028551164993280052
4,800,698.0057685756904,41.568005,3.766769247321428,2958.3795998928836,3.764876878350515,2805.9873284106725,703.2757815795989,Phase 1,0.029000562363228254
4,900,694.5155634312847,41.592976,3.767164491,2751.596992056395,3.765223012121212,2695.2471534788347,699.8431691780947,Phase 1,0.03742683362141861
4,1000,690.9174915491741,41.543034,3.72509774742268,2670.524932485845,3.7270492956521735,2665.162664710704,696.1631482145326,Phase 2,0.03540810491819798
4,1100,687.1888481767409,41.617947,3.7252355707070706,2743.3882196145714,3.727222283673469,2704.074942321793,692.5778872343176,Phase 2,0.038576736451624356
4,1200,682.9508147644314,41.568005,3.724980857142857,2764.542126075219,3.726990734375,2716.236940782008,688.3474870135103,Phase 2,0.04033791002970474
4,1300,678.9738121475967,41.605442,3.72519459223301,2821.719798944672,3.727171946938776,2749.3884637093724,684.74729157046,Phase 2,0.038374645466258246
4,1400,674.7946724375373,41.592976,3.725120652380952,2843.7259315385163,3.7271038707070714,2781.721073993802,680.6528801986584,Phase 2,0.05022262493197218
4,1600,667.088694869066,41.692822,3.7250953773584903,2966.586119924934,3.723129458333334,2920.9299703548604,673.0573351228549,Phase 2,0.0355849271162856
4,1800,659.50607827045,41.655388,3.724914072727272,2968.652665288406,3.722913587850467,2938.1920714448206,665.1364248651473,Phase 2,0.03448774539935585
4,1900,655.8003460359124,41.605442,3.722989743925233,3011.447170085943,3.724993980357143,2985.458198556691,661.7559963436408,Phase 2,0.04866673609254121
4,2000,651.8358917402749,41.605442,3.723038997272726,3020.0899520387175,3.725021785185186,3006.76685474244,657.8964025043448,Phase 2,0.031041637386086906
4,2100,649.1322951773172,41.605442,3.723214137037037,2965.8190446105145,3.7251890095238096,2934.099840469251,654.7580245515384,Phase 2,0.03651276020012006
4,2200,644.827599194441,41.605442,3.723031421296296,2998.425408013776,3.7250483142857145,2985.3821712974895,651.154760846543,Phase 2,0.03142310074925831
4,2300,642.7345700249701,41.617947,3.723136137962965,2952.0242834686796,3.7250915990291262,2909.0806304241414,648.6214350306462,Phase 2,0.03113895538868178
4,2400,639.779528362064,41.655388,3.7230720794642855,2998.0549819808657,3.7250777133333335,2943.2259106601996,646.1758320365592,Phase 2,0.019896669636023035
4,2500,637.9124570016852,41.642921,3.7231418972477064,2977.1608427594765,3.7211423726415096,2895.107879828618,643.9737162809416,Phase 2,0.033507698495963044
4,2600,632.8442960173883,41.680355,3.7230403575471698,3033.889617458248,3.7211236885714287,2975.3071724524343,640.035701241096,Phase 2,0.031766135226282584
4,2700,631.3567584678583,41.630413,3.7232359594339623,2952.556699437002,3.72121217117117,2908.5940671840945,637.2581221871847,Phase 2,0.02614095950476326
4,2800,629.2342766774427,41.655388,3.723074805,2916.912039681978,3.72105488125,2886.3059259380243,635.191611390398,Phase 2,0.027286913544269282
4,2900,624.4071835805257,41.617947,3.72276757264151,3015.5623828721436,3.7208158435185186,2990.0520270544075,631.862423837569,Phase 2,0.028203857615843618
4,3000,624.0241576349928,41.642921,3.722904705714286,2920.110999974364,3.720975224752475,2913.0919194632297,629.7501108093916,Phase 2,0.023725385302410588
4,3100,621.0406372433505,41.617947,3.721083216190476,2854.439595152435,3.72308802254902,2828.5705555479944,627.080535409339,Phase 2,0.023344517224198853
4,3200,617.4298009076539,41.655388,3.7211181120370367,2877.207051024816,3.723134140999999,2848.772156810708,624.5834109368443,Phase 2,0.02459229462034955
4,3300,616.6100994219123,41.592976,3.7229322,2818.0549189163285,3.720891963461539,2807.3230336966226,622.5569520079558,Phase 2,0.035640443839050705
4,3500,610.0098423460355,41.580509,3.721156649019608,2803.3869937652926,3.7231689049504952,2763.115155838983,617.4696883257982,Phase 2,0.014498175737900852
4,3600,609.0845318177422,41.518101,3.721135593684211,2737.136211634046,3.719125947524753,2685.9853665692353,614.7050807232849,Phase 2,0.05032049501163669
4,3800,602.1429400557658,41.617947,3.719317930927835,2766.0025809149083,3.721310006862744,2722.6213346519653,609.9093585202211,Phase 2,0.014794818684963502
4,3900,602.2590640433417,41.580509,3.7189078270000007,2669.7680978570133,3.720936651041667,2665.9627207959275,608.0437549386015,Phase 2,0.023768847165046056
4,4000,600.8081319033984,41.592976,3.719197565625,2616.030831145472,3.721230369148936,2573.034296335856,606.7843798090834,Phase 2,0.01452543689138679
4,4100,596.5517044461636,41.642921,3.719156431182797,2555.18828335093,3.721161681914894,2534.611859413053,603.9869297401045,Phase 2,0.02711083867448565
4,4200,595.6564765764431,41.630413,3.718915742391303,2528.409821309484,3.72091897912088,2495.666895524133,601.965566246571,Phase 2,0.023023326349806437
4,4300,593.6652687461142,41.580509,3.719052594505494,2470.730133573219,3.720991215476191,2450.1820445242483,600.1775879365772,Phase 2,0.011979334112759261
4,4400,591.9132492154948,41.592976,3.719414302325581,2426.510825037738,3.717492126190476,2387.032818495063,598.4706612734419,Phase 2,0.026658523583425905
4,4500,588.273065831058,41.568005,3.718968192045455,2383.134535084944,3.716997691463414,2370.7032632817427,596.217189815558,Phase 2,0.02072782068009474
4,4600,587.8162290155369,41.555538,3.7190859160493823,2368.0848713264277,3.7172035111111112,2326.748382368518,594.5435127234626,Phase 2,0.022599826854271896
4,4800,584.5267630762735,41.580509,3.719182186585366,2279.6870574661734,3.7171868216867474,2271.5900416891236,591.3289131045235,Phase 2,0.010490894863285688
4,5000,582.3379080207892,41.493126,3.719019640963856,2281.3893863179983,3.717043565,2267.4716541690577,590.2702452395309,Phase 2,0.009847736251340394
4,5100,581.233771613044,41.480625,3.719049606024096,2261.729968340107,3.7170985223684214,2217.864990963484,589.0233038627059,Phase 2,0.019972598646496635
5,0,735.336070718255,42.279404,3.767290398672566,5561.5506996554905,3.769230863636363,5424.515840241875,734.0390508862811,Phase 1,
5,100,726.3272216149664,42.304337,3.7670463372549023,5048.624747524154,3.7690051560606057,4964.4968566840835,728.7918777544952,Phase 1,0.07322924419318952
5,200,721.6143905718282,42.29187,3.7673501818181823,4847.864131788418,3.769283172727273,4389.957168220775,725.6214221248869,Phase 1,0.05898483027721341
5,300,718.1408943344795,42.429001,3.767191280110497,4386.667488765728,3.7691571020270263,3990.713940305388,721.201123474697,Phase 1,0.038167745775118646
5,400,713.4979226988899,42.329269,3.7671773918238984,4125.997345044307,3.76910162,3709.1954892460344,718.405801934878,Phase 1,0.03990472002300635
5,500,709.9294524799296,42.304337,3.767313635333333,3813.190038320172,3.765355883916085,3586.907886153087,715.3112600791321,Phase 1,0.03929622453521006
5,600,706.7197517896662,42.366669,3.767103355319149,3558.936212335844,3.7651331030303026,3348.3795514118538,711.9468973813385,Phase 1,0.02888030847103778
5,700,704.4068227739054,42.429001,3.7653076385245905,3202.272874473638,3.7672834452991455,3184.7724415792327,709.2250679622177,Phase 1,0.028376828197306168
5,800,701.0295867753294,42.354202,3.767026517699115,3043.9242356500763,3.7650384298245614,2990.033785876032,706.3342651537697,Phase 1,0.028804855358881696
5,900,698.2500120464782,42.379135,3.7671244883495154,2848.847553909567,3.765144252380953,2806.20974947582,703.5326682856099,Phase 1,0.029752905051176413
5,1000,695.5576916850586,42.391602,3.767081342424243,2654.1604010705487,3.765081296969696,2642.7688782945916,700.7561262704553,Phase 1,0.027634224145410825
5,1100,692.5531943570523,42.391602,3.7248995054945064,2582.29513280213,3.7268831145833334,2573.9502331738477,697.9626517333377,Phase 2,0.028674503607164753
5,1200,689.7775882497999,42.404068,3.724998215686276,2634.6320220410853,3.7270302444444434,2589.2703176215146,694.9845435399674,Phase 2,0.028392159495518855
5,1300,687.1135597869533,42.441505,3.7251646354838712,2674.2193078257988,3.723237366315788,2649.115516339458,692.3620455033922,Phase 2,0.02370393342581224
5,1400,684.5275284553019,42.429001,3.7250817841584167,2725.4876452239696,3.723113668085106,2699.6080035404157,689.7230456455069,Phase 2,0.03441574566441432
5,1600,678.643903735009,42.491367,3.725134042857143,2855.141210859554,3.723169766,2846.7844991026213,683.8139611613472,Phase 2,0.026386338640901955
5,1800,672.7264228388298,42.578632,3.723100157843138,2882.1600233781064,3.725139690825689,2849.7248406929866,677.7820132476586,Phase 2,0.027397792684341768
5,1900,669.6039858041315,42.591099,3.723157916190476,2965.281480139034,3.7251192415094345,2901.562016203199,674.7974274011955,Phase 2,0.038743190996131036
5,2000,666.5615613009338,42.616032,3.722977508571429,2980.8306985085364,3.72493849074074,2939.738177382693,671.7776343781433,Phase 2,0.026240419696583785
5,2100,664.112144055915,42.491367,3.723383776415094,2907.063156305143,3.721398325490197,2821.9549849071773,669.5370396074716,Phase 2,0.028185432384767638
5,2200,661.1156252944539,42.640965,3.722704228828829,3004.7532861138025,3.724703692380953,2906.8651802595123,666.6271043130317,Phase 2,0.02433966517575641
5,2300,659.0852626643066,42.466438,3.7229564057142857,2906.4745570216182,3.7210338061224495,2839.2940957762767,664.5469373915196,Phase 2,0.028141949297049676
5,2400,655.624570723609,42.603565,3.7229596396226414,2983.461018509188,3.721010966019417,2906.9834570791863,661.2749200147483,Phase 2,0.025331982376249017
5,2500,653.572031102383,42.478905,3.7231304960784306,2876.112928943825,3.7211797330097096,2844.3519483544515,659.2055400111478,Phase 2,0.030416040223391293
5,2600,650.1803326333551,42.591099,3.722984351851852,3050.0555454283312,3.721043527927928,3021.178172285712,655.948389959791,Phase 2,0.023816611784542373
5,2700,648.6554560316094,42.466438,3.721136215841584,2859.3469436872547,3.7230698607843142,2851.7209777819808,654.22414316418,Phase 2,0.022269233378890477
5,2800,646.3729055045605,42.491367,3.721064996969697,2845.058341394237,3.723040356074767,2834.767383836719,652.1712029402136,Phase 2,0.02393896188345593
5,2900,643.0682540069614,42.665897,3.721195382075471,3053.780647170701,3.7230815735849054,3045.113148430857,648.9037470172866,Phase 2,0.023770152595909623
5,3000,642.1361759560308,42.453972,3.7212021373831776,2906.2004439047596,3.723126274489796,2878.154827068138,647.6924647756103,Phase 2,0.019149611861105312
5,3100,639.8080244546916,42.541233,3.72107751980198,2842.073693957398,3.7230114534653462,2814.9768794834818,645.6583953461961,Phase 2,0.02170285141817544
5,3200,636.6188012020026,42.690872,3.720966583035714,2993.769642711937,3.722944241904761,2956.9999719894404,643.0410314231618,Phase 2,0.020788839233028968
5,3300,635.56538229874,42.578632,3.721002663207547,2798.703042934838,3.7229672559139786,2741.8649083653872,641.7559551996873,Phase 2,0.0355514336783915
5,3500,629.1525594045581,42.740738,3.721008581981981,2948.4788467202015,3.722997194059406,2847.4073318875307,635.9291947936327,Phase 2,0.014493366757229183
5,3600,628.5798251580507,42.603565,3.721201916190476,2814.5634069491643,3.719154422999999,2743.153388401639,634.4705321829516,Phase 2,0.04343431904219528
5,3800,622.7429618448283,42.728271,3.720964911320755,2981.07147575861,3.718954795575221,2928.573326424419,629.3617555007505,Phase 2,0.012365280540881258
5,3900,622.2255140708279,42.603565,3.7211090640776705,2814.879772173328,3.7190860784313737,2757.206896392934,628.0773157902042,Phase 2,0.02685417282074468
5,4000,620.054371370107,42.616032,3.7210873911764706,2737.2128532588977,3.719066621212121,2694.867852824682,626.1343493067634,Phase 2,0.01696528863584831
5,4100,616.9927457990417,42.728271,3.721166623300971,2801.1516606936348,3.719152870192308,2764.0260756575735,623.7530694903799,Phase 2,0.023901664545386437
5,4200,616.0030105030721,42.678364,3.7209788865979383,2679.433620775395,3.718955351,2647.71713549328,622.3747571311576,Phase 2,0.017207303630223124
5,4300,614.4130100238918,42.591099,3.7194406938775506,2593.065588526253,3.721470908510639,2583.238643287783,621.1118047710655,Phase 2,0.012741652909928689
5,4400,612.4443360817295,42.591099,3.721014147252748,2558.5934819127287,3.7190031452631582,2524.3949250242295,619.1753514080634,Phase 2,0.02369846254206891
5,4500,609.5275837131619,42.753204,3.71927995670103,2585.3433130544436,3.7213152538461545,2543.7295612628513,617.3813772335856,Phase 2,0.018312111207079623
5,4600,608.9826949116347,42.578632,3.719187190425531,2480.199005691684,3.721204822093022,2462.45301935538,616.1077438122544,Phase 2,0.023399636095061852
5,4800,605.3543107357652,42.603565,3.718860543157894,2423.993946366507,3.72091316091954,2417.4254048748116,612.563004099319,Phase 2,0.00819451563366556
5,5000,605.3543107357652,42.753204,3.7190768285714295,2095.131670761461,3.7210885386666672,2080.1721265280357,513.4227594603816,Phase 2,0.006230223231670493
6,0,732.7947554512294,42.090382,3.7690142255,5459.285988529737,3.767071402970297,5402.401825706955,733.5350480115419,Phase 1,
6,100,724.683839133562,42.202736,3.7672722646739127,5068.516510344314,3.7691928075268817,4935.536374673844,730.0494654533577,Phase 1,0.06631464841154638
6,200,719.9780780561117,42.102848,3.766946723163842,4669.981005503607,3.768885560588235,4616.053831556666,724.980766412549,Phase 1,0.055548547451033985
6,300,716.7605490247803,42.327557,3.767120856024096,4348.348316966221,3.7690704985714287,3986.0102233373327,721.8499735813098,Phase 1,0.03891067017699356
6,400,711.6736520202331,42.302624,3.766886504516129,4014.5650182640384,3.76885996870229,3717.96918691654,717.0185520397329,Phase 1,0.042041678052377164
6,500,707.7770533721924,42.215202,3.7670812743055553,3743.1067603258416,3.7651204645161287,3438.2953002736467,713.7162751810449,Phase 1,0.044470880476818596
6,600,704.24917843416,42.240173,3.766774738167939,3488.232447905102,3.7687285627272735,3230.525639728352,711.3458189684404,Phase 1,0.027646190957239015
6,700,702.8095879125638,42.40247,3.7669845408333336,3202.6000606131274,3.7650325330434775,3084.804534966548,707.9999777757224,Phase 1,0.027055703400075116
6,800,698.8143263731588,42.352524,3.76685060462963,2987.9677730932744,3.764891242727273,2910.79808305869,704.5299042428827,Phase 1,0.028125107696724855
6,900,696.0256867891575,42.340057,3.765199591588785,2776.1560296927637,3.767220053465348,2742.3706079732074,701.6477483822188,Phase 1,0.034444831639591486
6,1000,692.8134515610182,42.340057,3.725035861999999,2639.4408675468585,3.7670323731182793,2625.7444035301014,698.5563221626794,Phase 2,0.0295234319222709
6,1100,689.8064009492865,42.327557,3.725085898979592,2686.911332359261,3.727080244680853,2633.659407778556,695.5202882861655,Phase 2,0.030688575561910056
6,1200,686.8602393222861,42.302624,3.725029706796115,2727.812038411823,3.7270050477777774,2651.2700673499057,692.5322018174577,Phase 2,0.029938155189223607
6,1300,683.7786761748114,42.31509,3.7250830387755096,2748.702816018209,3.723117822680413,2677.0422731423314,689.5843034395721,Phase 2,0.026920761110005742
6,1400,680.8693882005513,42.390003,3.725139069230769,2768.2173634926003,3.727130311458333,2711.1307478672097,686.5177912373343,Phase 2,0.039879962717330956
6,1600,674.4000038665567,42.477386,3.725026930097087,2921.9134115060297,3.723052598095238,2860.4813913247635,680.102621557098,Phase 2,0.026960408011506162
6,1800,669.1830335504253,42.489887,3.722861752830189,2950.0999075735017,3.7248469361111103,2948.9384503577458,674.7268636717671,Phase 2,0.026500414893197898
6,1900,666.0073376705458,42.514862,3.7230980740384614,2987.4052711572294,3.72505408348624,2966.379725390172,671.7503770621618,Phase 2,0.03723955221324786
6,2000,662.6077744153612,42.552299,3.722825425714286,3010.470864074494,3.7247929594594593,3007.9268368336925,668.3879576700972,Phase 2,0.028498527176631115
6,2100,660.0615587268948,42.539795,3.722863573394495,2934.1984561954305,3.724872491509434,2925.3431255698524,665.7381015780766,Phase 2,0.03225541846986516
6,2200,656.3749726963332,42.514862,3.723122253636363,3040.5871241442073,3.725120675,2955.496497222106,662.423604888817,Phase 2,0.027000811822505286
6,2300,654.4088374134284,42.602242,3.722945420560748,2961.4125691099907,3.7249134,2901.881499360781,659.93497912845,Phase 2,0.032207610302317564
6,2400,650.3692897362026,42.527328,3.723063625862069,3010.9972785153805,3.7210384267326737,2941.3724912454636,656.4737013601504,Phase 2,0.026254757686067477
6,2500,648.4450826764289,42.527328,3.7230166871559622,2935.0928301463136,3.720984887735849,2867.651683611155,654.2989380922373,Phase 2,0.034999988078543535
6,2600,644.3100797990757,42.489887,3.723029404273504,3075.2072513074672,3.721003638317755,3029.5394976296666,650.6629390751217,Phase 2,0.024105630072235727
6,2700,643.5074922832472,42.514862,3.7231907261261266,2938.824022537665,3.721197676767676,2912.009244359113,649.2298209824114,Phase 2,0.020414142880240432
6,2800,641.3314137706706,42.514862,3.723080523809524,2912.1817912722036,3.721080605714286,2897.276380692201,647.2560790654796,Phase 2,0.02310403446095279
6,2900,637.279799374644,42.602242,3.7230691777777767,3088.728221989615,3.7210611157407407,3078.162818010853,643.7632576635708,Phase 2,0.026458060052998462
6,3000,636.6215899044223,42.477386,3.722941436448598,2967.844558863915,3.720958264485981,2959.655501703557,642.298900922509,Phase 2,0.020939778257057923
6,3100,633.9956139734056,42.514862,3.723127189090908,2888.5650243817654,3.721109801999999,2863.3567778074794,639.9672276388181,Phase 2,0.023756314005585182
6,3200,630.1612188131205,42.564766,3.72111877735849,2997.5854549261276,3.723099644859813,2932.866600799214,637.0862600814613,Phase 2,0.025511987539223357
6,3300,629.0775840845405,42.552299,3.721080978787879,2834.2767779831483,3.723030291919192,2794.7467469523253,635.0248032666983,Phase 2,0.036825109007808124
6,3500,622.9330971371867,42.627216,3.7211474735294128,2901.167494317546,3.719177243689321,2837.7381114190357,630.0011563639912,Phase 2,0.013237483228212454
6,3600,622.4655750181377,42.577271,3.7211510270000008,2799.0778178598703,3.719192875510204,2751.8409766528057,627.8405247244176,Phase 2,0.04384613642404815
6,3800,616.1640442853969,42.614708,3.719247587850467,2934.2075613179477,3.7211544082474233,2934.207053152306,623.3553978854484,Phase 2,0.012751251495540145
6,3900,615.9681421137119,42.564766,3.7189006575757575,2806.6659478243964,3.7208483815533984,2801.304038951741,621.4574842050247,Phase 2,0.02727666336493371
6,4000,613.5031779021912,42.589737,3.720980478787878,2724.519416114519,3.7190318041666663,2723.072273195605,618.998273935881,Phase 2,0.020056379712399347
6,4100,609.6173818637355,42.589737,3.719019299999999,2728.235333110235,3.720981645918368,2716.876092965977,616.6587686990401,Phase 2,0.027777812250765237
6,4200,609.0230988884279,42.539795,3.718987211578947,2665.374499473124,3.720921048913044,2632.6492109893734,614.9257320052488,Phase 2,0.01823997976116516
6,4300,607.3699490541111,42.527328,3.719110349450549,2572.3929509938025,3.721078280851063,2559.3204174028506,613.3419126198493,Phase 2,0.009376910791041837
6,4400,605.5915026358235,42.46492,3.7191398311111112,2541.314265759982,3.721096753932584,2514.5163611067837,611.7852609602984,Phase 2,0.014327243623778258
6,4500,601.5582612949864,42.577271,3.719012176086957,2558.9050780639955,3.720941079310345,2510.8208870427916,608.969384893977,Phase 2,0.07775241262213854
6,4600,586.0442340937907,42.539795,3.7189529471264375,2440.83499033298,3.7208829857142858,2409.225156893983,598.0609229488664,Phase 2,0.08620328056956965
6,4800,586.3836032445917,42.539795,3.7189898311111103,2473.1894611948373,3.7209709911111113,2451.127645154891,603.8016612440107,Phase 2,0.018834190162920095
6,5000,586.0442340937907,42.527328,3.719153106741573,2436.8970096283592,3.717178015294116,2431.67970076004,587.3123800154318,Phase 2,0.0022333753543017565
7,0,728.7460724569092,41.959953,3.7688914100529103,5117.123598282211,3.7669300559585497,5063.608853127822,730.9686182325505,Phase 1,
7,100,720.3477780451694,42.022324,3.767283333146067,4730.764493662529,3.7692376573964497,4536.164336975155,726.0622104105041,Phase 1,0.06774681327276198
7,200,716.2137717431438,42.009857,3.7672203078313258,4457.891022382493,3.769136924,4217.235174784742,722.607039444085,Phase 1,0.051371504769741706
7,300,713.9550899355027,42.134598,3.767232312179487,4129.492359148833,3.7692265578947377,3730.19504435944,719.1284352873017,Phase 1,0.027950854564682003
7,400,710.350491252628,42.109627,3.767119366438356,3944.305448237966,3.769085203149606,3587.276857393459,716.815695094408,Phase 1,0.028980091003771805
7,500,707.6044991402621,42.122131,3.767114654744525,3705.369901263519,3.7690659533898314,3385.294713662108,714.3385248570243,Phase 1,0.032251561919320014
7,600,705.1038567303704,42.159531,3.766921851908397,3500.629713275339,3.7688958846846847,3245.7934109198395,711.8802447663123,Phase 1,0.016397536559204583
7,700,705.0077744360792,42.147064,3.767074052000001,3280.128730624172,3.7650869008695658,3074.72851984312,709.5670319142855,Phase 1,0.014500733604488687
7,800,702.2042278220113,42.159531,3.7670387544642856,3102.1063171698333,3.7650896135135143,2989.997903879077,707.4517690406086,Phase 1,0.01721125957839149
7,900,700.1065200427925,42.147064,3.767001758878505,2945.839825712799,3.7650487915094346,2848.913669877991,705.2482096571567,Phase 1,0.02508596669115832
7,1000,698.0250408537157,42.134598,3.76701466,2807.832738859259,3.765060053061224,2703.0408211898903,703.0722066693771,Phase 1,0.02029789629161087
7,1100,695.9609703262058,42.171997,3.767007187628866,2661.505729298762,3.7690125247311816,2586.122044007934,701.205854758837,Phase 1,0.020444551120502866
7,1200,694.0032339821371,42.122131,3.727176424175824,2595.845698134741,3.7251805206185575,2591.6965141027904,699.0875633331736,Phase 2,0.0197609187868818
7,1300,692.0996562801377,42.184505,3.725025055319149,2637.5580489796266,3.727012605154639,2618.7497098426393,697.1690676381525,Phase 2,0.01719311146856853
7,1400,690.2711085194838,42.184505,3.725232909375,2670.259766415009,3.7271400333333338,2633.096675149296,695.201903028443,Phase 2,0.02335930510065282
7,1600,686.4617323634372,42.246872,3.725140949000001,2776.735533070736,3.7271370878787886,2729.969685859047,691.0682215998758,Phase 2,0.017451196680160024
7,1800,682.4584052490438,42.234371,3.725146357281554,2836.898341479391,3.723161327722772,2778.5616437517165,687.0008001586988,Phase 2,0.01846652997604963
7,1900,680.1674774869656,42.271805,3.7251153884615382,2872.8594872177055,3.7231543990099016,2852.8148462395184,684.9266403415877,Phase 2,0.027700419078804543
7,2000,677.9978592043389,42.35915,3.725041537735849,2909.445152759785,3.723041490740741,2893.9942256207432,682.6523930258849,Phase 2,0.018111975277536205
7,2100,676.4506853791333,42.29678,3.7231032252427183,2854.709506974177,3.7250862931372546,2842.0730649845063,681.1240324698975,Phase 2,0.02034637255824123
7,2200,673.9377403666314,42.35915,3.7251048855769233,2944.2300339707726,3.7231375485981313,2941.420935329428,678.7574614130349,Phase 2,0.018413524758288988
7,2300,672.468531256646,42.334179,3.723307397029703,2880.1115062260214,3.725323536448598,2850.976589897109,677.246246765448,Phase 2,0.022238776844174028
7,2400,669.8150416123352,42.29678,3.723108130555556,2981.946078890047,3.725112187850468,2939.3675423014356,674.6804925019628,Phase 2,0.018244584215357237
7,2500,668.3161981719089,42.246872,3.723118705607477,2892.492201467772,3.725086493,2855.041721717207,673.0122639304014,Phase 2,0.024694850875750945
7,2600,665.2058399162529,42.221905,3.7230657482142857,3058.4126276859024,3.7210704864864863,2999.287939810223,670.2122027932485,Phase 2,0.020688329085273835
7,2700,663.9368706189983,42.271805,3.723031897115384,2921.3008525906916,3.7249742134615382,2877.137396280552,668.7818838092825,Phase 2,0.01939894042555352
7,2800,662.0301297966885,42.309246,3.723126585849057,2886.735221523966,3.721137420588235,2842.0984718045947,666.8727135357933,Phase 2,0.02081287641020481
7,2900,658.9018480706211,42.371616,3.7231160054054055,3115.3916432771366,3.721138685840708,3083.709821939716,663.8802192423278,Phase 2,0.022378313472838727
7,3000,657.9000267184718,42.221905,3.7230476463636366,2951.309780494077,3.721005779245283,2907.3278771544283,662.6602730851046,Phase 2,0.01811079339242269
7,3100,655.9158499218208,42.271805,3.7230683078431377,2892.7036876847123,3.7210520000000007,2872.133081830558,660.827602622331,Phase 2,0.020150727893878867
7,3200,652.8250279489034,42.321712,3.722907880555556,3047.616194369155,3.720907286486486,3028.7351950876327,658.1196117090104,Phase 2,0.020577793187592307
7,3300,651.8482504032085,42.35915,3.7209214417475738,2879.3198152937985,3.722910902884615,2856.7237474982685,656.7848630950608,Phase 2,0.027980217487474875
7,3500,647.4990219249642,42.45892,3.722958428318584,3031.6794925165595,3.7209857716981136,3031.3234654189437,652.6764924169295,Phase 2,0.010173148897517309
7,3600,646.8315112267524,42.409054,3.721190711320754,2954.3931653550535,3.723136821904762,2914.3727660330333,651.6057610289641,Phase 2,0.03194092070868578
7,3800,642.4368996081984,42.384079,3.7209940125,3158.4245879442024,3.7229941923728815,3078.1915898098378,647.7120157337754,Phase 2,0.010110342025914747
7,3900,641.9201636369663,42.42152,3.721087106603774,2957.1098179306427,3.723086159433962,2904.712543433634,646.8353027496089,Phase 2,0.020297337252999342
7,4000,640.2204043260972,42.446453,3.720796957142857,2942.227629051587,3.722820946363635,2887.5021896061953,645.0946929725662,Phase 2,0.01571593416665564
7,4100,637.2624875981344,42.371616,3.721173331034484,3053.346993618383,3.719123332407407,3009.1028689286177,642.7214287157777,Phase 2,0.021144212221405497
7,4200,636.4617755194159,42.35915,3.721029482524273,2906.4328532742948,3.7190529615384618,2841.538266529431,641.698645869174,Phase 2,0.016701799261504675
7,4300,634.8833453988138,42.409054,3.7210933752380946,2821.3020872541965,3.719128157894736,2769.7445889117807,640.2666673123624,Phase 2,0.010585198894649466
7,4400,633.3857813411086,42.42152,3.7212639262626257,2750.6285744596244,3.7192336931372543,2713.4258190826513,638.9326450972296,Phase 2,0.021231575079924597
7,4500,630.5555548837211,42.42152,3.720978655555555,2871.8530492548452,3.718966384466019,2867.769357041456,636.640125808046,Phase 2,0.016622511212160587
7,4600,630.0056152500645,42.42152,3.721088043298969,2700.0829994268715,3.7191252021052623,2681.70416600084,635.6482780481128,Phase 2,0.019082955445481956
7,4800,626.7490104275444,42.409054,3.720984011458333,2654.0645607891784,3.719014182105264,2623.7965279691416,632.7590033910053,Phase 2,0.013495226076170184
7,5000,623.0463727946269,42.433987,3.7209200265957447,2700.3341507317673,3.71891910990099,2672.3673625474767,629.2976891417252,Phase 2,0.014983549227791286
7,5100,621.9010570358344,42.371616,3.719143772164948,2572.603733442622,3.721168951612905,2565.0559159425466,628.1969299547267,Phase 2,0.026131345547092906
7,5200,618.8233159558885,42.271805,3.719058852380952,2846.414711011079,3.721017091919191,2812.5048685264337,625.4330220247532,Phase 2,0.014027850890523724
7,5300,618.954853098738,42.134598,3.721152044210526,2592.955359553598,3.719158143617021,2592.537026752339,625.3579827048583,Phase 2,0.011051918511396934
7,5400,617.5276695204672,42.047256,3.7190006824175823,2518.7332024460484,3.721010815384615,2482.104476722132,624.0812804523874,Phase 2,0.015171770214859635
7,5500,614.2925687191706,42.271805,3.7190181257425743,2826.766489448186,3.717048420202019,2756.405244083013,621.1913665012243,Phase 2,0.018524608163859285
7,5600,614.5690801391297,42.109627,3.719103526086956,2544.1391982008063,3.721081700000001,2510.331248752118,621.1939094096866,Phase 2,0.011996252378252166
7,5700,613.1146593468561,42.047256,3.7190596978021975,2456.381884096205,3.721067147191011,2422.1174203015835,619.909455275952,Phase 2,0.008280937553164449
7,5800,611.3462823719076,42.221905,3.718903573913044,2416.162145491311,3.72088084625,2371.6031391961733,618.4122671570003,Phase 2,0.01726476705586151
7,5900,610.0332969423896,42.134598,3.7192336126436767,2382.078131029106,3.717281715853658,2347.0033214137657,617.4683102390652,Phase 2,0.013031129426748294
7,6000,608.8085860090601,42.072227,3.7189397910112354,2334.713091749669,3.7209254025316465,2282.182600812157,616.2611144389077,Phase 2,0.018252356962156
7,6100,606.0533887321608,42.309246,3.718801019999999,2447.2314359225275,3.716813693103449,2426.4147537745885,614.4140334727654,Phase 2,0.01589707913381062
7,6200,605.9034227150879,42.09716,3.7192656780487807,2308.860851146761,3.717310098809526,2298.376048068094,613.7545811529569,Phase 2,0.011007238947772748
7,6300,604.6515080966797,42.047256,3.7189729147727273,2264.865079327079,3.716946325641026,2236.693397815514,612.4643386176191,Phase 2,0.014024834140146823
7,6400,601.8397427911003,42.259338,3.7191156606741576,2468.3254850915546,3.7171242977528087,2449.9014647044387,610.3431089390849,Phase 2,0.016111137974791065
7,6500,602.0161384365811,42.508823,3.718907361176471,2302.883112185009,3.7168603523255817,2264.8758483922575,609.7815972712622,Phase 2,0.010442199068652371
7,6600,600.7270194675835,42.471424,3.717034525974025,2220.705182958598,3.7189934378048775,2218.313437222547,608.735709350548,Phase 2,0.010248562137820726
7,6700,598.7575378921711,42.770813,3.7169132484536087,2620.218603497953,3.7149170510869567,2572.49201218324,605.9617638612502,Phase 2,0.012113143761845323
7,6800,599.0486078144938,42.633564,3.719024645238095,2396.199856858846,3.717052815909091,2371.0796778018266,605.9437039755192,Phase 2,0.005886263783351069
7,6900,597.851621443797,42.546261,3.718907797674417,2331.8922184162075,3.7168646380952377,2279.9058498656086,604.9874286176763,Phase 2,0.014791777410991927
7,7000,594.991572602095,42.795746,3.7171353955056183,2529.2002391038695,3.719103950549451,2488.2059659703664,602.7422149533453,Phase 2,0.008076094761385093
7,7100,597.1592893788655,42.608631,3.717068866265061,2317.533895831759,3.719084720689656,2311.026438016823,602.667854314376,Phase 2,0.008171895327177481
7,7200,593.9663081994765,42.608631,3.71903684875,2222.502447508552,3.716965792857144,2196.900024688395,601.4762838399007,Phase 2,0.007956138978888702
7,7300,592.768780769216,42.533794,3.7168720525,2175.7558220446663,3.718882682278482,2147.652012182516,600.4594486997703,Phase 2,0.025092709075717038
7,7400,590.6981891224568,42.583698,3.7172190410958903,2187.0280664077145,3.71918431707317,2160.0058150656114,599.1845522996721,Phase 2,0.012788823680273254
7,7500,589.9650195246209,42.433987,3.71713508375,2115.9892042990687,3.719125075675676,2095.7597820119117,598.2784173540713,Phase 2,0.012428156168567739
7,7600,588.6221542203064,42.409054,3.71713629871795,2063.485833988525,3.719193250000002,2059.843431956746,597.0346851898391,Phase 2,0.01411835617933889
7,7700,586.5107416551988,42.646069,3.716925336,2143.287306463142,3.718920227848101,2120.5537665120937,595.8905624399185,Phase 2,0.014814224769589828
7,7800,586.0648501349624,42.35915,3.717242760000001,2036.217481892818,3.715183217333333,2002.838556096729,594.8243882201549,Phase 2,0.010217709939873885
7,7900,584.9615834635077,42.35915,3.7171836265822815,2022.655308161702,3.719202454929577,2003.4411302237277,593.8503949353645,Phase 2,0.012324784209264408
7,8000,582.8396748034193,42.633564,3.717155559210527,2112.358992192356,3.715193094520547,2095.954961632073,592.7543115486424,Phase 2,0.010770097599075825
7,8100,582.8069570864598,42.433987,3.716971765277778,2029.0552761525903,3.718990731081082,1990.376387124401,591.6970908571701,Phase 2,0.011044803859193734
8,0,727.5279508776244,41.466637,3.767338059330142,5260.646388218214,3.76930932670157,4998.538485375684,727.1982359845092,Phase 1,
8,100,720.0435691727091,41.529045,3.768888978688525,4717.176361179285,3.766941526086956,4700.797528815907,724.8556939847202,Phase 1,0.07763945294782956
8,300,713.4368676427137,41.603924,3.767048715697675,4231.302331015977,3.769004500746269,3833.3128583502257,717.6948378706091,Phase 1,0.03038993945153436
8,400,709.5431372565274,41.578953,3.767050957419355,4030.974224228514,3.768994710606061,3634.893472923839,715.3792747009899,Phase 1,0.04293516363982576
8,500,706.6031208953756,41.578953,3.7670327452702694,3807.5852186219854,3.769008710937499,3450.408679334898,712.6633976984531,Phase 1,0.030198611999310288
8,600,703.9271830937772,41.603924,3.767142008955224,3597.07683435925,3.7652298137404583,3407.734157652303,710.925942628036,Phase 1,0.020798599483215413
8,700,702.8268331586339,41.666294,3.766906693846154,3371.3119434676337,3.764939582608696,3173.688221530043,708.3428113013796,Phase 1,0.021007845472580583
8,800,699.6604835476685,41.61639,3.767154090756302,3159.038741065844,3.765176588596491,3121.9694263473502,706.0178511976112,Phase 1,0.022483257620796167
8,900,697.5051870107625,41.628857,3.7671121798165137,3012.1881541862094,3.7651793351351346,3000.6845737076655,703.6404522745718,Phase 1,0.02567293949389182
8,1000,695.446358352956,41.653828,3.766873299056604,2876.1520578574127,3.764946916831683,2853.5084097011713,701.4976216328486,Phase 1,0.020003546175727253
8,1100,693.3844109134182,41.653828,3.7651790818181814,2731.8347297365835,3.767144003,2719.994602726889,699.474044619051,Phase 1,0.02047749581427979
8,1200,691.3525594293859,41.641361,3.7252072752688186,2602.6165861405025,3.7651678712765952,2576.3258435737953,697.3508121079567,Phase 2,0.020442028455933042
8,1300,689.3511783582153,41.691265,3.7250669304347825,2611.5673269818944,3.727053248421053,2581.118855423658,695.3350992245317,Phase 2,0.01803820826342644
8,1400,687.4919010955946,41.678761,3.7249836515789463,2650.515994986694,3.7269864239583335,2586.4821354901505,693.2267736924894,Phase 2,0.02388152004405015
8,1600,683.6927504525519,41.741169,3.725134915151515,2741.4273562642775,3.72312682079208,2722.3812570591836,689.1263091020686,Phase 2,0.017116648716296937
8,1800,679.848343976271,41.778606,3.725031775,2795.6481914705655,3.7230028029126223,2773.8762886160257,684.9716157632561,Phase 2,0.018239881751677556
8,1900,677.445316785953,41.778606,3.725104959047618,2861.627281201858,3.723097695238095,2835.0716479056136,682.868003641121,Phase 2,0.027778052782454096
8,2000,675.2706367701213,41.816048,3.723148386792453,2879.4776903948805,3.7251622592233,2868.005605954706,680.8186543045581,Phase 2,0.01835573743957184
8,2100,673.7840156124403,41.753635,3.724852320952381,2847.6003722212045,3.722868310784314,2822.2135914062383,679.2269066788186,Phase 2,0.02038780074709962
8,2200,671.1616689531791,41.803581,3.723092715315314,2955.827739896864,3.725124406363636,2927.888011141724,676.9271480783913,Phase 2,0.017937958428005912
8,2300,669.7381704212172,41.716198,3.722905884615384,2869.0999153196317,3.7248648203883494,2866.1793741908914,675.35069828477,Phase 2,0.024634818342196923
8,2400,666.3400254420031,41.778606,3.723177175892857,2988.9780208258308,3.725186185849057,2925.9589184697106,672.2567194546226,Phase 2,0.022503144363046203
8,2500,664.4188097638958,41.728703,3.7230035064220184,2913.704584933832,3.724996025,2858.2566670112865,670.0174813879717,Phase 2,0.03147623515016221
8,2600,660.65981312422,41.76614,3.7231030198275854,3100.9368668908573,3.725073228301886,3056.8197305054928,666.9497400180752,Phase 2,0.02441105596591228
8,2700,659.2901306798706,41.728703,3.7234232625,2928.5853662989102,3.7214057963302745,2867.4966159349133,665.1531854365826,Phase 2,0.02325004310766758
8,2800,656.7032675046592,41.741169,3.7231668972477063,2915.022513709744,3.721163824509804,2834.093540307833,662.7746470931631,Phase 2,0.027163309883154626
8,2900,652.6045603641833,41.853481,3.7230396203389824,3161.788283382397,3.7210316207207206,3099.5529339307977,659.0510149340444,Phase 2,0.029354701518630007
8,3000,651.5216355353732,41.753635,3.722993274545454,2955.924740856877,3.7209627361111104,2894.4522730639146,657.2626002188041,Phase 2,0.021915366827229263
8,3100,649.2333106060079,41.753635,3.723233500000001,2894.280727050471,3.7212576752475255,2875.279311809718,655.4423822516843,Phase 2,0.02253098318923321
8,3200,645.7033994370321,41.865948,3.7212746239316257,3073.332972821707,3.7232877518181815,3063.6885178667,652.5540077585823,Phase 2,0.02286112901162596
8,3300,644.6697350407342,41.76614,3.7230779165048538,2863.8042515962297,3.721070947115384,2845.097449630557,650.8653094029675,Phase 2,0.03353125308385302
8,3500,639.1331897895914,41.853481,3.72112495,2993.7792056354083,3.723123246226415,2940.910202205414,645.8851668641094,Phase 2,0.012195130848035092
8,3600,638.4180527239549,41.828514,3.72133022685185,2879.42312597415,3.7193035745098046,2803.0136698646384,644.2012304378113,Phase 2,0.042841129012182365
8,3800,632.0343069341329,41.853481,3.721272975471698,3090.539340940246,3.7193287821428576,3043.3536356029217,638.78829216433,Phase 2,0.014656234700170785
8,3900,631.3156809755113,41.791073,3.7210063772727273,2888.1969006568106,3.71902169489796,2825.3771355501667,637.1864716825887,Phase 2,0.029074037133656246
8,4000,629.1404956210293,41.791073,3.721066611999999,2798.703375584999,3.7190819353535343,2741.589899350583,635.4957341345092,Phase 2,0.019395215732736233
8,4100,625.4674043331942,41.853481,3.719129226168225,2882.9715631599393,3.7211250049019617,2874.6193329462985,632.5698189978938,Phase 2,0.026031222650707377
8,4200,624.585982483317,41.803581,3.721033179999999,2735.7816710310726,3.71907197628866,2699.64779372848,631.342212800013,Phase 2,0.019854122485173775
8,4300,622.6337554192608,41.791073,3.721234042708333,2655.2390364944877,3.7192501946236542,2623.249058526402,629.5384217466114,Phase 2,0.013772727763472404
8,4400,620.4760864495748,41.778606,3.721192272340425,2609.7478654738225,3.7192038744680858,2577.911316386904,627.7770668641988,Phase 2,0.027776602483365876
8,4500,616.9983768202243,41.841015,3.718975083838384,2664.3676797555527,3.720994328125,2659.790888238844,625.0953130498559,Phase 2,0.021390655405958796
8,4600,616.3392972988486,41.76614,3.7209521419354834,2554.490112480824,3.71897531098901,2526.0511824128625,623.8460997969258,Phase 2,0.022975753327083338
8,4800,612.2732738059557,41.778606,3.719197117391305,2477.9511331519607,3.721212334831461,2448.0266809469904,620.2168603159973,Phase 2,0.017401229874495244
8,5000,607.3262718804694,41.828514,3.7191609791666664,2484.095681447463,3.717125262790698,2458.929900179006,615.810831708195,Phase 2,0.019339228622119436
8,5100,605.9417256364678,41.778606,3.721279030588234,2399.867669618674,3.7193066264367824,2392.0588948452787,614.4484268843347,Phase 2,0.03412930882319529
8,5200,601.8903820841234,41.504078,3.7190129139784935,2564.9160586426297,3.7170179255319153,2559.00699424943,611.0977229572107,Phase 2,0.0183807062986682
8,5300,601.934788576745,41.429199,3.719237218888889,2444.3783248293184,3.7172044875,2395.94248970291,610.1271209277527,Phase 2,0.015958716073128015
8,5400,600.0077753818733,41.45417,3.7190728891566263,2350.074610594049,3.717099894117648,2328.3231996573304,608.6509327660328,Phase 2,0.018174267387391866
8,5500,596.3490335138482,41.553978,3.719118517204301,2516.0050744814653,3.717103894444445,2511.8624765031855,606.0007355894223,Phase 2,0.023219480334805667
8,5600,596.2266060789286,41.404228,3.719101520238095,2405.1768133098813,3.717139510588236,2348.1138709371007,604.8470898556276,Phase 2,0.015958228461962563
8,5700,594.340960205607,41.479103,3.71912115,2307.178877183338,3.7170615445783137,2268.1358520689537,603.2992755651987,Phase 2,0.013106946497190393
8,5800,592.0146001761711,41.516544,3.71907140875,2295.7379182454606,3.717084998809524,2281.803620066232,601.5433063246367,Phase 2,0.021276106524910573
8,5900,590.4843031513402,41.404228,3.719156650632912,2209.024457434687,3.7171559395061737,2182.060816311874,600.0729025996237,Phase 2,0.017490038606300686
8,6000,588.5823764392428,41.416733,3.716969171052631,2164.100268257709,3.718954626249999,2157.0674818422704,598.3776191686413,Phase 2,0.02365094659511783
8,6100,585.2882372464059,41.566486,3.717116094936709,2213.608088049368,3.719092288607595,2197.754441706362,596.6369993715336,Phase 2,0.02010948394237289
8,6200,585.1320387309231,41.416733,3.7189785116883103,2155.7706282625295,3.716985485526315,2123.9658707089548,595.0851571316043,Phase 2,0.014090008120280117
8,6300,583.2241106854588,41.404228,3.717155179746837,2106.1198938971793,3.7191762763157894,2094.0537281092984,593.4470095519287,Phase 2,0.018878251518332265
8,6400,579.8709863302748,41.61639,3.71704271,2160.621558401108,3.715010451948052,2149.6542018497566,591.8995950029599,Phase 2,0.019551007266727538
8,6500,580.3408685542026,41.716198,3.717136408860759,2130.345240283903,3.7191727233766225,2093.7024068224855,590.3652481252069,Phase 2,0.013262680330966533
8,6600,578.5533542486776,41.741169,3.7169660896103895,2070.1458187034877,3.718984797368421,2052.9083209987584,588.892371595413,Phase 2,0.005701458482761836
8,6700,578.0345206396925,41.903389,3.7151434083333337,2219.905005195251,3.713117265822785,2203.7989535659726,587.6418908531729,Phase 2,0.009040064511818855
8,6800,577.7142932865601,41.828514,3.717085987804877,2195.894762609474,3.715108916883117,2194.470466396233,586.1652839188633,Phase 2,0.003325760879097288
8,6900,576.4201292408752,41.853481,3.71704899375,2135.5748063773353,3.7190952038961056,2113.071745394627,585.1147524619281,Phase 2,0.019976064622302375
8,7000,573.0210856189168,41.940826,3.714909227999999,2129.9093722755933,3.7168953363636374,2110.60687831456,583.5574496455519,Phase 2,0.012412407991173496
8,7100,574.6346477946778,41.853481,3.7169442628205127,2130.165174703274,3.7149334532467537,2111.0266054998647,582.2362960002123,Phase 2,0.012208688527682626
8,7200,571.4523631333856,41.803581,3.717270498648649,2058.7607548744563,3.715241742666666,2029.5434096103563,580.7111555492539,Phase 2,0.010726589093884513
8,7300,569.8082029910108,41.841015,3.7171460617647054,2002.759240135361,3.715181330666667,1987.0202872937664,579.3979973219699,Phase 2,0.027187214152967272
8,7400,567.5662622753906,41.728703,3.715077261428571,1982.3098263760476,3.7170503471428566,1956.668113842883,578.1881086765429,Phase 2,0.015806523742548963
8,7500,566.657307630317,41.653828,3.7169123028571422,1929.221921901044,3.7148869217391303,1917.263224833616,577.0438561659737,Phase 2,0.01307310139548349
8,7600,565.3637467862752,41.703732,3.717237646268657,1910.6415836476224,3.719188388235295,1880.043351620261,575.8476831146953,Phase 2,0.015380566214327018
8,7700,562.9671093293153,41.778606,3.7151743439393945,1885.75171762651,3.7172175871428577,1872.788055823432,574.8149948053854,Phase 2,0.015277142007925022
8,7800,562.6004974372796,41.641361,3.7151144828571434,1880.1813600339956,3.717130936363636,1867.8999261116987,573.3608155322282,Phase 2,0.011466677345071048
8,7900,561.1111478911845,41.716198,3.7170271671875,1848.645096440916,3.715070286567164,1823.5338451907448,571.9866329593234,Phase 2,0.017234375715643183
8,8000,558.1610835707194,41.841015,3.715027337878788,1844.3722896365653,3.7130321925373138,1828.3941146314464,571.2742085662271,Phase 2,0.011838335471676373
8,8100,558.9581404180535,41.653828,3.714996492857143,1845.754440643315,3.7170180611940298,1836.2667139756377,569.7610525894265,Phase 2,0.010600303036864035
